Topic,Topic Title,Topic Description
-1,Outliers,Articles not assigned to a coherent topic cluster.
0,Air Quality Impacts of Hughes Fire,"The articles discuss the spread of the Hughes Fire and its impact on air quality, with no specific mention of other environmental dimensions. The fire's growth was slowed by overnight water drops and helicopters dropping water until 3 a.m., keeping the flames within containment lines."
1,No Environmental Impacts Detected in Eaton Wildfire Cluster,"The articles in this cluster do not discuss any specific environmental impacts of the Eaton wildfire. Instead, they focus on a Pasadena firefighter's off-duty motorcycle accident and its aftermath, as well as unrelated topics such as insurance disputes and police practices. There is no mention of air quality, weather, water, biodiversity, debris, or utilities related to the wildfire."
2,Environmental Impacts of Utility Equipment Failure,"The cluster primarily discusses the environmental impacts of utility equipment failure, specifically Southern California Edison's (SCE) potential role in sparking the Eaton Fire. Articles highlight the investigation into SCE's equipment and its possible connection to the fire, as well as the subsequent lawsuits filed by residents. While other topics are mentioned, such as power grid faults and wildfire fund implications, the dominant theme is the environmental consequences of utility equipment failure."
3,Air Quality Impacts from Eaton Wildfire,"The articles in this cluster primarily discuss the environmental impacts of the Eaton wildfire, specifically focusing on air quality and respiratory exposure. The articles mention elevated levels of PM2.5 lead during the fires, increased hospital visits for fire-related injuries, and concerns about lingering ash and toxic chemicals in burn areas. While other topics are mentioned, such as wind patterns and structural damage, the dominant theme is the impact of the wildfire on air quality and public health."
4,Environmental Impacts of the Eaton Fire,"The articles in this cluster primarily discuss the environmental impacts of the Eaton fire, specifically focusing on air quality and smoke exposure. While other topics are mentioned, such as the couple's charitable efforts and their personal lives, the dominant theme is the devastating effects of the wildfires on the environment and the community affected by it."
5,Soil Contamination Concerns after Eaton Fire,"The cluster primarily discusses concerns about soil contamination and potential health risks for homeowners rebuilding in areas affected by the Eaton fire. Articles highlight the lack of soil testing, toxic chemicals released during fires, and the need for precautionary measures to ensure safe rebuilding."
6,Mudslides and Debris Flows Following Eaton Fire,"The cluster primarily discusses the environmental impacts of the Eaton fire, specifically focusing on mudslides and debris flows triggered by heavy rainfall in areas affected by the fire. Articles mention the risk of life-threatening situations due to flooding and debris flows, with some areas receiving record-breaking amounts of rain."
7,Air Quality Concerns from Wildfires,"The articles in this cluster primarily discuss the environmental impacts of the Eaton/Hughes Fire in Los Angeles County. Specifically, they mention air quality concerns due to smoke and particulate matter (PM2.5) exposure, with thousands of people urged to evacuate and respiratory issues a concern. While other environmental dimensions are mentioned, such as weather conditions and water contamination, air quality is the dominant theme in this cluster."
8,Air Quality Concerns Amid Eaton Fire,"The articles cluster discusses the ongoing wildfires in the Los Angeles area, with specific mention of air quality concerns due to the smoke and ash. While not explicitly stated, it is implied that the poor air quality could pose respiratory risks for those affected by the fires."
9,Environmental Impacts of Wildfires: Air Quality Concerns,"The articles in this cluster primarily discuss the environmental impacts of wildfires, with a focus on air quality concerns. Specifically, they mention the poor air quality and respiratory exposure due to smoke and PM2.5 particles from the Palisades Fire. While other environmental dimensions are mentioned, such as weather and wind conditions, water contamination, and debris cleanup, the dominant theme is the negative impact of wildfires on air quality."
10,Unclear Environmental Impacts of Eaton Fire,"The article cluster does not explicitly discuss environmental impacts of the Eaton fire, focusing instead on issues related to evacuation orders, emergency alert systems, and government responses. While some articles mention the destruction caused by the fire, there is no specific discussion of environmental dimensions such as air quality, water contamination, or biodiversity impacts."
11,Air Quality Concerns Amid Eaton Wildfire,"The article cluster primarily focuses on the environmental impacts of the Eaton wildfire, with a specific emphasis on air quality concerns. The articles mention the spread of smoke and particulate matter (PM2.5) in the affected areas, posing respiratory exposure risks to residents and first responders. While other environmental dimensions are mentioned, such as weather conditions and water contamination, air quality is the dominant theme in this cluster."
